colin,cam
3:30.000,4:30.000
4:30.000,4:30.000
4:30.000,4:30.000
4:30.000,4:30.000
4:30.000,4:30.000
4:30.000,4:30.000
4:30.000,4:30.000
4:30.000,4:30.000
4:30.000,4:30.000
4:30.000,4:30.000
4:30.000,4:30.000
4:30.000,4:30.000
4:30.000,4:30.000
4:30.000,4:30.000
4:30.000,4:30.000
4:30.000,4:30.000
4:30.000,4:30.000
4:30.000,4:30.000
4:30.000,4:30.000
4:30.000,4:30.000
4:30.000,4:30.000
4:30.000,4:30.000
4:30.000,4:30.000
4:30.000,4:30.000
4:30.000,4:30.000
4:30.000,4:30.000
4:30.000,4:30.000
4:30.000,4:30.000
4:30.000,4:30.000
4:30.000,4:30.000